               epoch,      train/box_loss,      train/obj_loss,      train/cls_loss,   metrics/precision,      metrics/recall,     metrics/mAP_0.5,metrics/mAP_0.5:0.95,        val/box_loss,        val/obj_loss,        val/cls_loss,               x/lr0,               x/lr1,               x/lr2
                   0,             0.12507,            0.024557,            0.029237,          0.00067308,             0.16498,          0.00042741,             0.00011,            0.087795,            0.021149,            0.022684,              0.0847,              0.0017,              0.0017
                   1,             0.10127,            0.021729,            0.024407,           0.0019147,             0.45791,           0.0026982,          0.00096943,            0.071536,            0.021975,            0.021259,            0.068488,           0.0034885,           0.0034885
                   2,            0.087222,            0.022266,             0.02167,           0.0053084,             0.98148,            0.051501,            0.016664,            0.056738,            0.022677,            0.020499,            0.052265,            0.005265,            0.005265
                   3,            0.074225,            0.021937,            0.019191,            0.092682,             0.69024,             0.33229,            0.095821,            0.062252,            0.018308,            0.015793,             0.03603,           0.0070297,           0.0070297
                   4,            0.075408,            0.018427,            0.013132,            0.072817,              0.3468,            0.072772,            0.016596,            0.082674,            0.010979,           0.0068665,            0.019783,           0.0087825,           0.0087825
                   5,            0.073043,            0.016136,           0.0092936,             0.42295,             0.79703,             0.50647,             0.16703,            0.058315,            0.014773,           0.0034347,            0.009835,            0.009835,            0.009835
                   6,            0.068093,            0.014708,           0.0070824,             0.48924,             0.83685,             0.61457,             0.24518,            0.064826,            0.011163,            0.002377,            0.009835,            0.009835,            0.009835
                   7,            0.063769,            0.013893,           0.0058573,              0.3202,             0.68422,             0.40334,             0.15739,            0.059036,            0.014983,           0.0018942,            0.009802,            0.009802,            0.009802
                   8,            0.061388,            0.012739,           0.0045755,             0.48819,             0.78956,             0.59732,             0.23553,            0.054709,            0.012597,           0.0016321,            0.009769,            0.009769,            0.009769
                   9,            0.055899,            0.012318,           0.0038749,             0.44309,             0.91388,             0.60386,             0.28173,            0.043641,            0.011901,            0.001521,            0.009736,            0.009736,            0.009736
                  10,            0.055101,            0.011592,           0.0036382,             0.85201,             0.96699,             0.95901,             0.40688,            0.044788,            0.010428,           0.0016417,            0.009703,            0.009703,            0.009703
                  11,            0.053703,            0.010887,           0.0037059,             0.94432,             0.97907,             0.99106,             0.52937,            0.033027,            0.010118,           0.0019275,             0.00967,             0.00967,             0.00967
                  12,            0.052698,           0.0099718,           0.0025502,             0.70174,             0.97493,             0.84391,              0.4798,            0.040454,           0.0084859,           0.0013648,            0.009637,            0.009637,            0.009637
                  13,            0.052227,           0.0096947,           0.0021715,             0.83163,              0.9621,             0.93621,              0.4816,            0.034948,           0.0087259,            0.001343,            0.009604,            0.009604,            0.009604
                  14,            0.047771,           0.0094815,            0.002455,             0.79638,             0.99704,             0.89054,             0.54115,            0.033242,           0.0084927,           0.0013187,            0.009571,            0.009571,            0.009571
                  15,            0.048548,            0.008824,           0.0021086,              0.7819,             0.97005,             0.91403,             0.59319,            0.036026,           0.0083882,           0.0012422,            0.009538,            0.009538,            0.009538
                  16,            0.045974,           0.0086642,            0.002181,             0.82812,             0.99614,              0.9733,              0.6312,            0.029318,           0.0078794,           0.0014278,            0.009505,            0.009505,            0.009505
                  17,            0.044934,           0.0084794,           0.0023778,             0.97791,             0.98691,             0.99446,             0.63533,            0.031022,            0.007109,            0.001389,            0.009472,            0.009472,            0.009472
                  18,             0.04456,           0.0083301,           0.0021085,             0.90108,             0.95984,             0.96043,              0.5288,            0.034065,           0.0074123,           0.0014141,            0.009439,            0.009439,            0.009439
                  19,            0.042135,           0.0082434,           0.0017884,             0.87033,              0.9697,             0.94273,             0.51306,            0.031233,           0.0073129,           0.0011047,            0.009406,            0.009406,            0.009406
                  20,            0.041694,           0.0080097,           0.0016984,             0.98139,                   1,               0.995,             0.70994,            0.024464,            0.006961,           0.0014241,            0.009373,            0.009373,            0.009373
                  21,            0.042274,           0.0082875,           0.0019609,             0.98909,             0.95967,             0.99375,             0.67526,            0.027265,           0.0068066,           0.0013922,             0.00934,             0.00934,             0.00934
                  22,            0.042242,           0.0078059,           0.0018291,              0.9845,             0.96308,             0.99361,             0.56903,              0.0321,             0.00681,           0.0012815,            0.009307,            0.009307,            0.009307
                  23,            0.040596,           0.0077574,           0.0019249,             0.98777,             0.98485,             0.99456,             0.74188,            0.023835,           0.0064053,            0.001476,            0.009274,            0.009274,            0.009274
                  24,            0.044298,           0.0076284,           0.0017551,             0.97149,             0.99813,               0.995,             0.60919,            0.032027,           0.0067148,           0.0013396,            0.009241,            0.009241,            0.009241
                  25,            0.039537,           0.0071377,           0.0015618,             0.99617,                   1,               0.995,             0.63239,            0.025707,           0.0063235,           0.0012498,            0.009208,            0.009208,            0.009208
                  26,            0.039886,           0.0074803,           0.0018815,             0.99358,                   1,               0.995,             0.59775,            0.028085,           0.0066532,           0.0014444,            0.009175,            0.009175,            0.009175
                  27,            0.039604,           0.0074839,           0.0015321,             0.95695,                   1,             0.99456,             0.52915,            0.026516,           0.0064757,           0.0010843,            0.009142,            0.009142,            0.009142
                  28,            0.040007,            0.007066,           0.0013934,             0.99656,             0.98104,             0.99456,             0.70788,            0.023493,           0.0063034,           0.0010531,            0.009109,            0.009109,            0.009109
                  29,            0.039581,           0.0072929,           0.0015031,             0.98914,                   1,               0.995,             0.73107,            0.021493,           0.0059621,           0.0010406,            0.009076,            0.009076,            0.009076
                  30,            0.039292,           0.0073592,           0.0016178,             0.96922,                   1,             0.99456,             0.68643,            0.023059,            0.006028,           0.0010818,            0.009043,            0.009043,            0.009043
                  31,             0.03759,           0.0068049,            0.001718,             0.96065,                   1,             0.99142,             0.63974,            0.026172,            0.006175,           0.0011807,             0.00901,             0.00901,             0.00901
                  32,            0.035814,             0.00707,           0.0015746,              0.9798,             0.98485,             0.99369,             0.71352,            0.022189,           0.0059533,           0.0010562,            0.008977,            0.008977,            0.008977
                  33,            0.037598,           0.0070475,           0.0012588,             0.99342,              0.9913,               0.995,             0.65753,            0.022734,           0.0060707,             0.00091,            0.008944,            0.008944,            0.008944
                  34,            0.036821,           0.0070542,           0.0012733,             0.96883,             0.98148,             0.99402,             0.71467,            0.023512,           0.0058797,           0.0010404,            0.008911,            0.008911,            0.008911
                  35,            0.037869,           0.0065546,            0.001321,             0.97781,             0.99788,             0.99412,             0.69183,             0.02543,           0.0060412,           0.0011588,            0.008878,            0.008878,            0.008878
                  36,            0.038137,           0.0073661,           0.0013147,             0.98172,                   1,             0.99235,             0.74365,            0.019358,            0.005907,           0.0009737,            0.008845,            0.008845,            0.008845
                  37,            0.035266,           0.0069451,           0.0012225,             0.98172,                   1,             0.99456,             0.76572,             0.02086,            0.005747,          0.00091753,            0.008812,            0.008812,            0.008812
                  38,            0.035266,           0.0068031,           0.0013231,             0.98043,                   1,             0.99456,             0.78327,            0.021117,            0.005873,          0.00094767,            0.008779,            0.008779,            0.008779
                  39,            0.034907,           0.0068221,           0.0012588,             0.98082,                   1,             0.99456,             0.73929,            0.023356,           0.0056682,          0.00098457,            0.008746,            0.008746,            0.008746
                  40,             0.03447,           0.0069239,           0.0012706,             0.97925,                   1,             0.99368,             0.75989,            0.018951,           0.0055722,          0.00089102,            0.008713,            0.008713,            0.008713
                  41,             0.03434,           0.0069217,           0.0011038,             0.98182,                   1,             0.99324,              0.6466,            0.022505,            0.005641,          0.00086036,             0.00868,             0.00868,             0.00868
                  42,            0.034996,           0.0059478,           0.0012841,             0.98182,             0.99954,             0.99279,             0.78503,            0.017824,           0.0056565,          0.00096483,            0.008647,            0.008647,            0.008647
                  43,            0.033602,           0.0067332,           0.0022712,             0.98166,             0.99672,             0.99456,             0.74097,             0.02066,           0.0056758,           0.0012392,            0.008614,            0.008614,            0.008614
                  44,            0.033949,            0.006828,           0.0016014,             0.97603,             0.99734,             0.99456,              0.7479,            0.022555,           0.0056075,           0.0010201,            0.008581,            0.008581,            0.008581
                  45,            0.034756,           0.0067047,           0.0011091,             0.98107,                   1,             0.99456,             0.75886,            0.021091,           0.0057204,          0.00078077,            0.008548,            0.008548,            0.008548
                  46,            0.034115,           0.0066488,           0.0010556,             0.97995,                   1,             0.99412,             0.78908,            0.019874,           0.0054504,          0.00077839,            0.008515,            0.008515,            0.008515
                  47,            0.032815,            0.006766,           0.0011026,             0.97995,                   1,             0.99456,               0.676,            0.019233,           0.0055736,           0.0007678,            0.008482,            0.008482,            0.008482
                  48,            0.033494,           0.0060994,           0.0011207,             0.98105,                   1,             0.99324,             0.70357,             0.01917,           0.0054872,          0.00077777,            0.008449,            0.008449,            0.008449
                  49,            0.033211,           0.0066214,           0.0010605,             0.97803,                   1,             0.99456,             0.68876,            0.022061,           0.0054439,          0.00086899,            0.008416,            0.008416,            0.008416
                  50,              0.0335,           0.0065383,           0.0011194,             0.97974,                   1,             0.99456,             0.80102,            0.018906,           0.0052827,          0.00082912,            0.008383,            0.008383,            0.008383
                  51,            0.033145,           0.0064204,           0.0010405,               0.981,                   1,               0.995,               0.779,            0.017143,           0.0052379,          0.00078616,             0.00835,             0.00835,             0.00835
                  52,            0.032624,           0.0060955,          0.00097022,             0.98249,                   1,               0.995,             0.70026,            0.020834,           0.0054163,          0.00075746,            0.008317,            0.008317,            0.008317
                  53,            0.031897,           0.0063454,          0.00099004,             0.98405,                   1,               0.995,             0.74468,            0.021261,           0.0054139,          0.00069699,            0.008284,            0.008284,            0.008284
                  54,            0.030345,           0.0063768,           0.0011078,             0.99272,                   1,               0.995,             0.77084,            0.016096,           0.0051574,          0.00077324,            0.008251,            0.008251,            0.008251
                  55,            0.031221,           0.0060477,          0.00099223,             0.99292,                   1,               0.995,             0.71951,            0.020733,           0.0052061,          0.00070133,            0.008218,            0.008218,            0.008218
                  56,            0.030075,           0.0060562,           0.0010529,             0.97559,                   1,             0.99456,             0.75027,            0.016443,           0.0052816,          0.00090418,            0.008185,            0.008185,            0.008185
                  57,             0.03141,           0.0060105,           0.0011423,             0.98101,             0.99714,             0.99456,              0.7351,            0.019621,           0.0051981,          0.00086975,            0.008152,            0.008152,            0.008152
                  58,            0.032428,           0.0068288,           0.0010294,             0.98599,                   1,               0.995,             0.80221,            0.015968,            0.004937,          0.00081921,            0.008119,            0.008119,            0.008119
                  59,            0.031808,           0.0062352,           0.0010608,             0.98931,                   1,               0.995,             0.76991,            0.016624,           0.0049359,           0.0010139,            0.008086,            0.008086,            0.008086
                  60,            0.031338,           0.0061531,            0.001075,             0.99604,              0.9995,               0.995,             0.73309,            0.020492,           0.0054069,          0.00073309,            0.008053,            0.008053,            0.008053
                  61,            0.029306,           0.0062155,           0.0011688,             0.98761,                   1,               0.995,             0.72141,              0.0193,           0.0050865,          0.00071416,             0.00802,             0.00802,             0.00802
                  62,            0.030324,           0.0061475,           0.0010279,             0.99425,                   1,               0.995,             0.76668,            0.018581,           0.0049996,          0.00071955,            0.007987,            0.007987,            0.007987
                  63,            0.030466,           0.0057895,          0.00099432,             0.99352,                   1,               0.995,             0.73951,            0.019414,           0.0050085,          0.00070519,            0.007954,            0.007954,            0.007954
                  64,             0.03078,           0.0061082,          0.00086421,              0.9711,             0.99291,             0.99456,               0.734,            0.018606,            0.005082,          0.00067582,            0.007921,            0.007921,            0.007921
                  65,            0.029687,           0.0059888,          0.00088543,             0.98092,                   1,             0.99324,             0.73353,            0.018135,           0.0050606,          0.00075908,            0.007888,            0.007888,            0.007888
                  66,            0.028853,           0.0060907,          0.00089436,             0.97872,             0.99893,             0.99279,              0.7622,            0.018103,           0.0051162,          0.00086002,            0.007855,            0.007855,            0.007855
                  67,              0.0311,            0.006095,          0.00097038,             0.97573,                   1,             0.99412,              0.7762,            0.016761,           0.0050047,          0.00073299,            0.007822,            0.007822,            0.007822
                  68,            0.029211,            0.006031,           0.0009361,             0.97593,             0.99666,             0.99412,             0.73404,            0.016657,           0.0050613,          0.00078325,            0.007789,            0.007789,            0.007789
                  69,            0.030071,           0.0066401,           0.0012562,             0.97339,                   1,             0.99279,             0.80825,            0.015822,           0.0049333,          0.00083265,            0.007756,            0.007756,            0.007756
                  70,            0.028224,           0.0058625,           0.0010105,             0.96915,             0.99257,             0.99191,             0.77078,            0.016578,           0.0049329,          0.00079532,            0.007723,            0.007723,            0.007723
                  71,            0.028206,            0.005862,          0.00087602,             0.96921,             0.99701,             0.99456,              0.7246,            0.018745,           0.0051232,          0.00075641,             0.00769,             0.00769,             0.00769
                  72,            0.028655,           0.0062645,          0.00085167,             0.97902,             0.99833,               0.995,              0.7685,            0.015926,           0.0049266,          0.00064859,            0.007657,            0.007657,            0.007657
                  73,            0.029962,           0.0058315,          0.00093011,             0.98853,             0.99884,               0.995,             0.78306,            0.016086,           0.0048649,          0.00072412,            0.007624,            0.007624,            0.007624
                  74,            0.028774,           0.0057753,          0.00097304,             0.98155,             0.99649,             0.99412,             0.78557,            0.016063,           0.0049415,          0.00074139,            0.007591,            0.007591,            0.007591
                  75,            0.027961,           0.0059621,           0.0009501,             0.96698,                   1,             0.99232,             0.74068,            0.017952,           0.0049692,          0.00077853,            0.007558,            0.007558,            0.007558
                  76,            0.029029,           0.0060409,           0.0010003,             0.96701,                   1,             0.99412,             0.79102,            0.015883,           0.0048596,          0.00074463,            0.007525,            0.007525,            0.007525
                  77,            0.027913,           0.0060915,          0.00091462,             0.98175,                   1,             0.99456,             0.75903,            0.017485,           0.0048488,          0.00065069,            0.007492,            0.007492,            0.007492
                  78,            0.028069,           0.0057166,          0.00080617,             0.96692,                   1,             0.99369,             0.81018,             0.01467,           0.0046758,          0.00066538,            0.007459,            0.007459,            0.007459
                  79,            0.028994,           0.0056794,          0.00082253,             0.96711,                   1,             0.99235,             0.79619,            0.015317,           0.0048018,          0.00071201,            0.007426,            0.007426,            0.007426
                  80,            0.026903,           0.0057925,          0.00083962,             0.97005,                   1,               0.995,             0.80662,            0.015664,           0.0047472,          0.00066662,            0.007393,            0.007393,            0.007393
                  81,            0.028081,           0.0056388,          0.00074027,             0.97973,                   1,             0.99368,             0.80241,            0.014909,           0.0046692,          0.00059099,             0.00736,             0.00736,             0.00736
                  82,            0.027699,           0.0056396,          0.00077863,             0.97931,             0.99885,             0.99324,             0.78781,            0.015435,           0.0048179,          0.00064497,            0.007327,            0.007327,            0.007327
                  83,            0.026525,           0.0057919,           0.0008763,             0.97897,              0.9945,             0.99368,             0.79089,            0.015234,             0.00482,          0.00068717,            0.007294,            0.007294,            0.007294
                  84,             0.02692,           0.0058202,          0.00091356,             0.97922,                   1,               0.995,              0.7809,            0.015598,           0.0048167,          0.00065174,            0.007261,            0.007261,            0.007261
                  85,            0.027627,           0.0055042,          0.00089719,             0.98073,                   1,               0.995,             0.80053,            0.014605,           0.0046886,          0.00062222,            0.007228,            0.007228,            0.007228
                  86,            0.026984,           0.0060441,          0.00068297,             0.99039,                   1,               0.995,             0.76169,            0.016766,            0.004686,          0.00050941,            0.007195,            0.007195,            0.007195
                  87,            0.026626,            0.005963,          0.00064988,             0.98543,                   1,               0.995,             0.78645,            0.017088,           0.0046256,           0.0004622,            0.007162,            0.007162,            0.007162
                  88,            0.028284,           0.0056012,          0.00065014,             0.97529,                   1,               0.995,             0.78171,            0.014946,            0.004501,          0.00050845,            0.007129,            0.007129,            0.007129
                  89,            0.026642,           0.0055883,          0.00079442,             0.96246,                   1,               0.995,             0.74902,            0.016171,           0.0047198,          0.00062447,            0.007096,            0.007096,            0.007096
                  90,            0.025941,           0.0058234,          0.00080055,             0.98674,                   1,               0.995,             0.78838,            0.014814,           0.0045725,          0.00062232,            0.007063,            0.007063,            0.007063
                  91,            0.026958,           0.0055743,          0.00081903,             0.99511,                   1,               0.995,             0.73228,            0.017205,           0.0047273,          0.00061617,             0.00703,             0.00703,             0.00703
                  92,            0.026167,           0.0060313,          0.00090069,             0.97773,                   1,             0.99191,             0.76931,            0.015397,           0.0046841,          0.00060234,            0.006997,            0.006997,            0.006997
                  93,            0.025153,           0.0054448,          0.00077633,             0.97191,                   1,             0.99015,             0.76238,            0.014891,           0.0046813,          0.00057673,            0.006964,            0.006964,            0.006964
                  94,            0.025488,           0.0055122,          0.00063081,              0.9746,                   1,             0.99412,             0.75374,            0.015845,           0.0047125,          0.00059495,            0.006931,            0.006931,            0.006931
                  95,            0.025536,           0.0057711,          0.00078347,             0.97274,                   1,               0.995,             0.74899,            0.016896,           0.0046788,          0.00058188,            0.006898,            0.006898,            0.006898
                  96,            0.025869,           0.0057334,          0.00074444,             0.97162,                   1,             0.99191,             0.78524,            0.014993,           0.0045471,          0.00064321,            0.006865,            0.006865,            0.006865
                  97,            0.026718,           0.0053632,          0.00081696,             0.96424,             0.99869,             0.99059,             0.77516,             0.01533,           0.0048419,          0.00075412,            0.006832,            0.006832,            0.006832
                  98,            0.026839,           0.0058164,          0.00068883,             0.98905,             0.98773,               0.995,             0.81181,             0.01387,           0.0046838,          0.00059562,            0.006799,            0.006799,            0.006799
                  99,            0.026547,           0.0057972,           0.0006065,              0.9713,              0.9906,               0.995,             0.71051,             0.01632,           0.0049488,          0.00055056,            0.006766,            0.006766,            0.006766
                 100,            0.026145,           0.0056259,          0.00062586,             0.98158,              0.9948,               0.995,             0.77778,            0.016759,           0.0049309,          0.00059729,            0.006733,            0.006733,            0.006733
                 101,            0.025053,           0.0058894,          0.00074105,             0.97955,                   1,               0.995,             0.77084,            0.014924,            0.004851,          0.00061641,              0.0067,              0.0067,              0.0067
                 102,             0.02542,           0.0056629,          0.00073369,             0.95392,                   1,               0.995,             0.79809,            0.014356,           0.0048318,          0.00066142,            0.006667,            0.006667,            0.006667
                 103,            0.025241,            0.005423,          0.00070605,             0.98029,             0.99689,               0.995,              0.8008,             0.01331,           0.0045902,          0.00055585,            0.006634,            0.006634,            0.006634
                 104,            0.025227,           0.0054151,           0.0006476,              0.9699,                   1,               0.995,             0.80581,            0.014216,           0.0045404,          0.00055985,            0.006601,            0.006601,            0.006601
                 105,            0.026074,           0.0053857,           0.0008247,             0.98085,             0.99504,             0.99235,             0.76245,             0.01492,           0.0047498,          0.00069208,            0.006568,            0.006568,            0.006568
                 106,            0.025826,            0.005422,          0.00081398,             0.97625,                   1,               0.995,             0.79168,            0.013882,           0.0044619,          0.00061512,            0.006535,            0.006535,            0.006535
                 107,             0.02478,           0.0053927,          0.00066963,             0.97012,                   1,             0.99368,             0.78887,            0.015322,           0.0045753,          0.00049376,            0.006502,            0.006502,            0.006502
                 108,            0.024264,           0.0054166,          0.00069627,             0.95489,                   1,             0.99412,              0.8182,            0.014123,           0.0044237,          0.00039573,            0.006469,            0.006469,            0.006469
                 109,            0.024693,           0.0047504,          0.00054394,             0.99144,             0.99257,               0.995,             0.77432,             0.01469,           0.0044605,          0.00037794,            0.006436,            0.006436,            0.006436
                 110,            0.024932,           0.0052358,          0.00061848,             0.99237,                   1,               0.995,             0.79207,            0.014276,           0.0044639,          0.00041959,            0.006403,            0.006403,            0.006403
                 111,            0.023091,           0.0055071,          0.00058772,             0.99389,                   1,               0.995,             0.80813,            0.013966,           0.0043992,          0.00042496,             0.00637,             0.00637,             0.00637
                 112,            0.024627,           0.0054242,          0.00053078,             0.97832,                   1,               0.995,             0.82412,            0.013507,           0.0043961,          0.00044761,            0.006337,            0.006337,            0.006337
                 113,            0.024014,           0.0056139,          0.00062952,             0.99218,                   1,               0.995,              0.7849,            0.014512,           0.0043689,          0.00042627,            0.006304,            0.006304,            0.006304
                 114,            0.024271,           0.0053971,          0.00063916,             0.99627,                   1,               0.995,             0.78606,            0.017347,            0.004474,          0.00041533,            0.006271,            0.006271,            0.006271
                 115,            0.024188,           0.0055886,          0.00055111,             0.98935,                   1,               0.995,             0.81036,            0.013586,           0.0043668,          0.00048757,            0.006238,            0.006238,            0.006238
                 116,            0.023239,           0.0051408,          0.00055191,             0.97639,                   1,               0.995,             0.77159,            0.015027,           0.0045049,          0.00043454,            0.006205,            0.006205,            0.006205
                 117,            0.025208,           0.0055673,          0.00056053,             0.98732,                   1,               0.995,             0.80586,             0.01343,           0.0043672,          0.00040202,            0.006172,            0.006172,            0.006172
                 118,            0.022761,           0.0055126,          0.00060622,             0.97648,                   1,               0.995,             0.82086,            0.012806,           0.0043724,          0.00047703,            0.006139,            0.006139,            0.006139
                 119,            0.022397,           0.0053942,          0.00065726,             0.99599,                   1,               0.995,             0.81571,            0.013816,           0.0042708,          0.00045824,            0.006106,            0.006106,            0.006106
                 120,            0.024216,            0.005085,          0.00054248,             0.99436,                   1,               0.995,              0.7688,            0.014865,           0.0044416,          0.00044312,            0.006073,            0.006073,            0.006073
                 121,            0.023478,           0.0054275,          0.00059435,              0.9814,                   1,               0.995,             0.81208,            0.013587,           0.0043408,          0.00045347,             0.00604,             0.00604,             0.00604
                 122,            0.023058,           0.0050078,           0.0005988,             0.98206,                   1,               0.995,             0.79444,            0.015024,           0.0043908,          0.00045738,            0.006007,            0.006007,            0.006007
                 123,            0.023119,           0.0052063,          0.00060361,             0.98054,                   1,             0.99456,             0.81394,            0.012651,           0.0042595,          0.00048742,            0.005974,            0.005974,            0.005974
                 124,            0.021432,           0.0049844,          0.00056824,             0.98005,                   1,             0.99412,              0.7989,             0.01358,           0.0043451,           0.0004663,            0.005941,            0.005941,            0.005941
                 125,            0.023542,           0.0050304,          0.00048928,             0.97933,                   1,               0.995,             0.81079,            0.013858,           0.0043509,          0.00044632,            0.005908,            0.005908,            0.005908
                 126,            0.021989,           0.0047201,           0.0006269,             0.96923,                   1,               0.995,             0.81466,            0.013111,           0.0042519,          0.00042028,            0.005875,            0.005875,            0.005875
                 127,            0.022209,           0.0054409,          0.00060701,              0.9701,                   1,               0.995,             0.81263,            0.013754,           0.0042304,          0.00045133,            0.005842,            0.005842,            0.005842
                 128,            0.023973,           0.0051725,          0.00072438,             0.96835,                   1,               0.995,             0.84294,            0.013447,            0.004132,          0.00046148,            0.005809,            0.005809,            0.005809
                 129,            0.022268,           0.0049276,          0.00066997,             0.98333,                   1,               0.995,             0.82846,            0.012785,           0.0041699,          0.00049047,            0.005776,            0.005776,            0.005776
                 130,            0.022061,           0.0053309,          0.00061624,             0.98742,                   1,               0.995,             0.81555,            0.013382,           0.0042192,           0.0004571,            0.005743,            0.005743,            0.005743
                 131,            0.022208,           0.0052385,          0.00055874,             0.98804,                   1,               0.995,             0.82611,            0.012441,           0.0041096,          0.00040512,             0.00571,             0.00571,             0.00571
                 132,             0.02148,           0.0050523,          0.00051356,             0.96918,                   1,             0.99456,             0.80012,            0.013378,           0.0042253,           0.0003824,            0.005677,            0.005677,            0.005677
                 133,            0.021052,           0.0048039,          0.00052996,             0.96992,                   1,             0.99456,             0.82699,            0.012719,           0.0041719,          0.00039301,            0.005644,            0.005644,            0.005644
                 134,            0.022187,           0.0050175,          0.00054093,             0.98391,             0.99888,             0.99368,             0.82801,            0.012806,           0.0042057,          0.00041959,            0.005611,            0.005611,            0.005611
                 135,            0.021687,           0.0048333,          0.00057149,             0.97866,             0.98485,             0.99323,              0.8179,            0.013106,           0.0042062,          0.00042324,            0.005578,            0.005578,            0.005578
                 136,            0.022237,            0.005233,           0.0006171,             0.96789,                   1,             0.99412,             0.81821,            0.012898,           0.0042365,          0.00043533,            0.005545,            0.005545,            0.005545
                 137,            0.022191,            0.004999,          0.00058958,              0.9629,                   1,             0.99329,             0.82242,            0.012099,           0.0043451,          0.00043564,            0.005512,            0.005512,            0.005512
                 138,             0.02065,           0.0050698,          0.00050337,             0.96552,                   1,             0.98838,              0.8139,            0.013041,           0.0044358,           0.0003901,            0.005479,            0.005479,            0.005479
                 139,            0.021321,           0.0051042,           0.0004793,             0.96803,                   1,               0.995,             0.83261,            0.012591,           0.0043586,          0.00036922,            0.005446,            0.005446,            0.005446
                 140,            0.022084,           0.0047136,          0.00051056,             0.99304,                   1,               0.995,             0.81967,            0.012342,           0.0042686,          0.00035791,            0.005413,            0.005413,            0.005413
                 141,            0.020611,           0.0048475,          0.00046939,             0.99693,                   1,               0.995,             0.81738,            0.013035,            0.004254,          0.00034997,             0.00538,             0.00538,             0.00538
                 142,            0.020286,           0.0047867,          0.00054435,             0.97631,                   1,               0.995,             0.80542,            0.013305,           0.0043501,          0.00040655,            0.005347,            0.005347,            0.005347
                 143,            0.021007,           0.0049398,          0.00055162,             0.97024,                   1,             0.99456,             0.82599,            0.012821,            0.004306,          0.00043828,            0.005314,            0.005314,            0.005314
                 144,            0.021167,           0.0047206,          0.00055461,             0.97911,                   1,             0.99412,             0.80562,            0.013307,           0.0042375,          0.00040996,            0.005281,            0.005281,            0.005281
                 145,            0.020354,           0.0050298,          0.00053395,             0.97868,                   1,             0.99412,             0.81877,            0.012097,           0.0041874,          0.00042186,            0.005248,            0.005248,            0.005248
                 146,            0.019934,           0.0046327,          0.00047122,             0.97789,                   1,             0.99456,             0.79759,            0.013348,           0.0042315,           0.0003854,            0.005215,            0.005215,            0.005215
                 147,            0.019955,           0.0046403,          0.00045632,             0.98349,             0.99554,               0.995,              0.8311,            0.011908,           0.0041793,          0.00035372,            0.005182,            0.005182,            0.005182
                 148,             0.01996,           0.0048146,          0.00047898,             0.98625,             0.99042,               0.995,             0.81048,            0.013304,           0.0043133,          0.00036235,            0.005149,            0.005149,            0.005149
                 149,            0.019828,           0.0048154,          0.00047155,             0.96877,                   1,               0.995,              0.8246,            0.012367,           0.0041392,          0.00039473,            0.005116,            0.005116,            0.005116
                 150,            0.019904,           0.0050044,          0.00054197,             0.96957,                   1,               0.995,             0.80164,            0.012677,           0.0040964,          0.00041184,            0.005083,            0.005083,            0.005083
                 151,            0.020101,           0.0046596,          0.00053157,             0.97557,              0.9966,               0.995,             0.80189,             0.01264,           0.0042013,          0.00042346,             0.00505,             0.00505,             0.00505
                 152,            0.020182,           0.0045376,          0.00054524,             0.97654,             0.99853,               0.995,             0.82922,            0.012194,           0.0040783,          0.00043678,            0.005017,            0.005017,            0.005017
                 153,            0.020154,           0.0049405,          0.00054609,             0.98514,             0.99673,               0.995,             0.82753,            0.011664,           0.0039738,          0.00044599,            0.004984,            0.004984,            0.004984
                 154,            0.019717,           0.0050711,          0.00046664,              0.9923,                   1,               0.995,             0.82507,            0.011356,           0.0039366,          0.00045512,            0.004951,            0.004951,            0.004951
                 155,            0.020283,           0.0049356,          0.00058939,             0.99393,                   1,               0.995,             0.82944,            0.012092,           0.0039498,          0.00042193,            0.004918,            0.004918,            0.004918
                 156,             0.01949,           0.0047688,          0.00051591,             0.98449,                   1,               0.995,             0.82645,            0.011857,           0.0039021,          0.00037303,            0.004885,            0.004885,            0.004885
                 157,            0.019819,           0.0048911,          0.00046089,             0.98116,                   1,             0.99456,             0.81258,            0.012407,           0.0039673,          0.00037806,            0.004852,            0.004852,            0.004852
                 158,            0.019784,           0.0049015,          0.00047741,             0.97923,                   1,             0.99456,             0.83601,            0.012307,           0.0039505,          0.00039809,            0.004819,            0.004819,            0.004819
                 159,            0.020068,           0.0048947,          0.00047892,             0.98351,                   1,               0.995,             0.83952,            0.011717,           0.0039105,          0.00036557,            0.004786,            0.004786,            0.004786
                 160,            0.020895,           0.0047913,          0.00044037,             0.98217,                   1,             0.99456,             0.83678,            0.010991,           0.0039318,          0.00038075,            0.004753,            0.004753,            0.004753
                 161,            0.019554,           0.0047105,          0.00048699,             0.98185,                   1,             0.99456,             0.84003,            0.010891,           0.0039653,          0.00036263,             0.00472,             0.00472,             0.00472
                 162,            0.019386,           0.0044806,          0.00046427,             0.97624,                   1,             0.99412,             0.83922,            0.011473,           0.0040379,          0.00034785,            0.004687,            0.004687,            0.004687
                 163,            0.019459,           0.0047141,          0.00048451,              0.9812,             0.98485,             0.99414,             0.81629,            0.012103,           0.0039963,          0.00035398,            0.004654,            0.004654,            0.004654
                 164,            0.019536,           0.0044766,           0.0004674,             0.99016,                   1,               0.995,             0.83357,            0.011307,           0.0039153,          0.00036383,            0.004621,            0.004621,            0.004621
                 165,            0.018891,           0.0046326,          0.00047089,             0.99859,                   1,               0.995,             0.80481,            0.012412,           0.0040881,          0.00036826,            0.004588,            0.004588,            0.004588
                 166,            0.018976,           0.0049138,          0.00050738,             0.99564,                   1,               0.995,             0.83528,            0.011595,           0.0039219,          0.00039046,            0.004555,            0.004555,            0.004555
                 167,            0.019197,           0.0048961,           0.0005196,             0.99265,                   1,               0.995,             0.80304,            0.013277,           0.0041134,           0.0003674,            0.004522,            0.004522,            0.004522
                 168,             0.02001,           0.0050108,          0.00042954,             0.98462,                   1,               0.995,             0.83484,            0.011603,           0.0041201,          0.00033672,            0.004489,            0.004489,            0.004489
                 169,            0.019149,           0.0048639,          0.00040476,             0.97093,                   1,             0.99412,              0.8105,             0.01201,            0.004091,          0.00030968,            0.004456,            0.004456,            0.004456
                 170,            0.019104,           0.0048925,          0.00040145,              0.9801,                   1,             0.99456,             0.83195,            0.011698,           0.0039886,          0.00030377,            0.004423,            0.004423,            0.004423
                 171,            0.018749,           0.0044729,          0.00045077,             0.97975,                   1,             0.99412,             0.81759,            0.012121,           0.0040451,          0.00031767,             0.00439,             0.00439,             0.00439
                 172,            0.018546,            0.004731,          0.00045794,             0.97971,                   1,             0.99456,             0.81654,            0.012238,           0.0040258,          0.00034752,            0.004357,            0.004357,            0.004357
                 173,            0.018697,           0.0047522,          0.00046486,             0.98241,                   1,             0.99456,             0.82293,            0.012389,           0.0041512,          0.00033445,            0.004324,            0.004324,            0.004324
                 174,            0.018141,           0.0045137,          0.00041744,              0.9831,             0.99029,             0.99456,             0.81448,            0.012081,           0.0041051,          0.00031044,            0.004291,            0.004291,            0.004291
                 175,            0.017718,           0.0044541,          0.00043269,              0.9723,                   1,             0.99412,              0.8254,             0.01223,            0.003971,          0.00029998,            0.004258,            0.004258,            0.004258
                 176,            0.018022,           0.0045007,          0.00036221,             0.96856,                   1,             0.99369,              0.8306,            0.012056,           0.0039991,          0.00028846,            0.004225,            0.004225,            0.004225
                 177,            0.019082,           0.0044663,          0.00035081,             0.96831,                   1,             0.99369,             0.83233,            0.011695,           0.0041047,          0.00028453,            0.004192,            0.004192,            0.004192
                 178,             0.01798,           0.0044558,          0.00039829,             0.96871,                   1,             0.99414,             0.82745,            0.011416,           0.0040801,          0.00030212,            0.004159,            0.004159,            0.004159
                 179,            0.018235,            0.004827,          0.00043996,             0.97025,                   1,             0.99456,             0.81667,            0.011581,           0.0040388,          0.00030048,            0.004126,            0.004126,            0.004126
                 180,            0.018905,           0.0045434,          0.00036282,             0.96912,                   1,             0.99414,             0.83265,            0.011581,           0.0039479,          0.00029054,            0.004093,            0.004093,            0.004093
                 181,            0.018156,           0.0046112,          0.00038944,             0.96884,                   1,             0.99323,             0.85013,             0.01112,           0.0039083,          0.00029418,             0.00406,             0.00406,             0.00406
                 182,             0.01756,           0.0045098,          0.00039062,             0.96889,                   1,             0.99369,             0.81041,            0.012319,           0.0040267,          0.00028868,            0.004027,            0.004027,            0.004027
                 183,            0.019005,           0.0044962,          0.00035811,             0.96807,                   1,             0.99414,             0.82491,            0.011909,            0.003884,          0.00027578,            0.003994,            0.003994,            0.003994
                 184,            0.018493,           0.0042973,          0.00044697,             0.97018,                   1,             0.99456,             0.82592,            0.012931,           0.0039481,           0.0003072,            0.003961,            0.003961,            0.003961
                 185,            0.019702,           0.0045861,            0.000423,             0.97351,                   1,             0.99456,                0.82,            0.011926,           0.0038657,          0.00031922,            0.003928,            0.003928,            0.003928
                 186,            0.018204,           0.0044187,          0.00042203,             0.98221,                   1,             0.99412,             0.81177,            0.012514,           0.0039724,          0.00033576,            0.003895,            0.003895,            0.003895
                 187,            0.017999,           0.0044492,          0.00042385,             0.98213,                   1,             0.99412,             0.83781,            0.011781,            0.003844,          0.00031009,            0.003862,            0.003862,            0.003862
                 188,            0.017893,           0.0044627,          0.00037837,             0.97744,                   1,               0.995,             0.81509,            0.011944,           0.0038278,          0.00029488,            0.003829,            0.003829,            0.003829
                 189,            0.017852,           0.0043022,          0.00036678,             0.96912,                   1,               0.995,             0.81914,            0.011538,           0.0038247,          0.00028303,            0.003796,            0.003796,            0.003796
                 190,            0.017582,           0.0043319,          0.00033138,             0.96845,                   1,               0.995,             0.83076,            0.010962,           0.0037699,          0.00027974,            0.003763,            0.003763,            0.003763
                 191,            0.017347,           0.0044696,          0.00041603,             0.97582,                   1,               0.995,             0.83775,            0.011378,           0.0037789,          0.00027997,             0.00373,             0.00373,             0.00373
                 192,            0.016232,           0.0044165,          0.00034309,              0.9845,                   1,               0.995,             0.83587,            0.011221,           0.0038036,          0.00026355,            0.003697,            0.003697,            0.003697
                 193,            0.017004,           0.0042717,          0.00029234,             0.97792,                   1,               0.995,             0.83332,             0.01143,           0.0038756,          0.00025251,            0.003664,            0.003664,            0.003664
                 194,            0.017794,           0.0042729,          0.00032626,             0.97235,                   1,             0.99456,             0.82969,             0.01138,           0.0038598,          0.00025847,            0.003631,            0.003631,            0.003631
                 195,            0.017206,           0.0042581,           0.0003382,             0.96924,                   1,               0.995,             0.83134,            0.011411,           0.0038923,          0.00026984,            0.003598,            0.003598,            0.003598
                 196,            0.016885,           0.0043326,          0.00033676,              0.9694,                   1,               0.995,             0.83649,            0.010452,           0.0037714,          0.00028369,            0.003565,            0.003565,            0.003565
                 197,            0.017148,           0.0045476,          0.00032825,             0.97049,                   1,               0.995,             0.85379,            0.010711,           0.0037505,           0.0002975,            0.003532,            0.003532,            0.003532
                 198,            0.017219,           0.0045365,          0.00038084,             0.96794,                   1,             0.99414,             0.82682,            0.011921,           0.0038733,          0.00031185,            0.003499,            0.003499,            0.003499
                 199,            0.016751,           0.0041812,          0.00036174,              0.9679,                   1,             0.99369,             0.83288,            0.011564,           0.0038141,          0.00031667,            0.003466,            0.003466,            0.003466
                 200,            0.016688,           0.0041707,          0.00038056,             0.96928,                   1,             0.99412,             0.82997,            0.011693,           0.0038393,          0.00031798,            0.003433,            0.003433,            0.003433
                 201,            0.016691,           0.0045096,          0.00035808,             0.97198,                   1,             0.99412,             0.83371,            0.011903,           0.0039153,          0.00029676,              0.0034,              0.0034,              0.0034
                 202,            0.016513,           0.0043609,          0.00032622,               0.969,                   1,               0.995,             0.83396,            0.011314,           0.0038887,          0.00027099,            0.003367,            0.003367,            0.003367
                 203,            0.016034,           0.0041518,          0.00032744,             0.96914,                   1,             0.99456,             0.85072,            0.010731,           0.0037624,          0.00026402,            0.003334,            0.003334,            0.003334
                 204,            0.016226,            0.004335,          0.00033067,              0.9716,                   1,               0.995,             0.83825,            0.011113,           0.0037229,          0.00025852,            0.003301,            0.003301,            0.003301
                 205,            0.016488,           0.0043224,          0.00032496,             0.98415,                   1,               0.995,               0.842,            0.010895,           0.0036808,          0.00024734,            0.003268,            0.003268,            0.003268
                 206,            0.016207,            0.004388,          0.00031865,             0.98369,                   1,               0.995,             0.82248,            0.011365,           0.0037029,          0.00025752,            0.003235,            0.003235,            0.003235
                 207,            0.015181,           0.0041141,          0.00033592,             0.98385,                   1,             0.99456,             0.83683,            0.011164,           0.0037042,          0.00025167,            0.003202,            0.003202,            0.003202
                 208,            0.015183,           0.0046341,           0.0002806,             0.98419,             0.99426,             0.99456,             0.83544,            0.011012,           0.0037853,          0.00023146,            0.003169,            0.003169,            0.003169
                 209,             0.01612,           0.0041385,          0.00026972,             0.96879,                   1,             0.99414,             0.82027,            0.011758,           0.0038888,          0.00022185,            0.003136,            0.003136,            0.003136
                 210,            0.015411,           0.0042357,          0.00027123,              0.9687,                   1,             0.99414,             0.83378,            0.011444,           0.0038317,          0.00022004,            0.003103,            0.003103,            0.003103
                 211,            0.015433,           0.0039864,          0.00029642,              0.9688,                   1,             0.99369,             0.83572,            0.011804,           0.0038913,            0.000229,             0.00307,             0.00307,             0.00307
                 212,            0.015356,           0.0042526,          0.00028822,             0.96861,                   1,             0.99369,             0.83574,             0.01208,           0.0038718,           0.0002226,            0.003037,            0.003037,            0.003037
                 213,            0.015622,           0.0043847,          0.00029273,             0.96856,                   1,             0.99369,             0.84626,            0.011053,           0.0037049,          0.00021697,            0.003004,            0.003004,            0.003004
                 214,            0.015509,            0.004376,          0.00031148,             0.96905,                   1,             0.99414,             0.82091,             0.01174,           0.0037112,          0.00023565,            0.002971,            0.002971,            0.002971
                 215,            0.015614,           0.0043916,          0.00031392,             0.97432,                   1,             0.99412,              0.8465,            0.010901,           0.0036847,          0.00025244,            0.002938,            0.002938,            0.002938
                 216,            0.015175,           0.0043824,          0.00037162,              0.9712,                   1,             0.99456,             0.84164,            0.010793,           0.0036835,          0.00025127,            0.002905,            0.002905,            0.002905
                 217,            0.015254,           0.0039987,          0.00027371,             0.96848,                   1,             0.99456,             0.84332,            0.010998,           0.0037158,          0.00024638,            0.002872,            0.002872,            0.002872
                 218,            0.015786,           0.0042343,          0.00025252,             0.96838,                   1,             0.99323,               0.844,            0.011186,           0.0037704,          0.00022914,            0.002839,            0.002839,            0.002839
                 219,             0.01559,           0.0038374,          0.00031259,              0.9687,                   1,             0.99282,             0.84858,            0.011191,            0.003776,          0.00022876,            0.002806,            0.002806,            0.002806
                 220,            0.015221,            0.004299,          0.00029547,             0.97058,                   1,             0.99456,             0.84205,            0.010535,           0.0036668,          0.00023484,            0.002773,            0.002773,            0.002773
                 221,             0.01551,           0.0042667,          0.00026374,             0.97062,                   1,             0.99456,             0.84276,            0.010929,           0.0036568,          0.00022916,             0.00274,             0.00274,             0.00274
                 222,            0.015519,           0.0039116,          0.00027593,             0.96999,                   1,             0.99368,             0.84821,            0.011385,            0.003673,          0.00021354,            0.002707,            0.002707,            0.002707
                 223,            0.015552,           0.0043779,           0.0002392,             0.96886,                   1,             0.99456,             0.83766,            0.010721,           0.0036181,           0.0002081,            0.002674,            0.002674,            0.002674
                 224,            0.014909,           0.0043368,          0.00027569,             0.96884,                   1,             0.99456,             0.84017,            0.010732,           0.0036533,          0.00021845,            0.002641,            0.002641,            0.002641
                 225,            0.014773,           0.0042107,          0.00032904,             0.96867,                   1,             0.99368,             0.83989,            0.010744,           0.0036814,          0.00023277,            0.002608,            0.002608,            0.002608
                 226,            0.014939,           0.0041292,          0.00027724,             0.96853,                   1,             0.99279,             0.83202,             0.01097,           0.0037807,          0.00022377,            0.002575,            0.002575,            0.002575
                 227,            0.015107,           0.0042574,          0.00025364,             0.96843,                   1,             0.99278,             0.83267,            0.010731,           0.0037293,          0.00020863,            0.002542,            0.002542,            0.002542
                 228,            0.014643,           0.0040048,          0.00026993,             0.96844,                   1,             0.99278,              0.8326,            0.011103,           0.0037932,          0.00019588,            0.002509,            0.002509,            0.002509
                 229,            0.014526,            0.003736,          0.00023462,              0.9683,                   1,             0.99368,             0.84489,            0.010643,           0.0037722,          0.00018634,            0.002476,            0.002476,            0.002476
                 230,            0.014637,           0.0041583,          0.00022241,             0.96856,                   1,             0.99278,             0.83389,            0.010899,           0.0038153,          0.00018183,            0.002443,            0.002443,            0.002443
                 231,            0.014635,           0.0041621,          0.00027847,             0.96847,                   1,             0.99232,             0.84361,            0.010566,           0.0037673,          0.00018547,             0.00241,             0.00241,             0.00241
                 232,            0.014571,           0.0042077,          0.00028223,             0.96881,                   1,             0.99278,             0.83952,            0.010576,           0.0037551,            0.000191,            0.002377,            0.002377,            0.002377
                 233,            0.014579,           0.0041484,          0.00027186,             0.96933,                   1,             0.99412,             0.83888,            0.010401,           0.0037206,          0.00019448,            0.002344,            0.002344,            0.002344
                 234,            0.013888,           0.0040504,          0.00026215,             0.96975,                   1,             0.99412,             0.83639,            0.010798,           0.0037716,          0.00020572,            0.002311,            0.002311,            0.002311
                 235,            0.013967,           0.0037184,          0.00024822,             0.96896,                   1,             0.99456,             0.83071,            0.011098,           0.0038686,          0.00020981,            0.002278,            0.002278,            0.002278
                 236,            0.014063,           0.0037086,           0.0002583,             0.96983,                   1,             0.99456,              0.8458,            0.011064,           0.0038639,          0.00021081,            0.002245,            0.002245,            0.002245
                 237,            0.014466,           0.0040706,          0.00023183,             0.97012,                   1,             0.99456,             0.85236,            0.011048,           0.0038398,          0.00018941,            0.002212,            0.002212,            0.002212
                 238,            0.013504,           0.0040432,          0.00021279,             0.96916,                   1,             0.99414,             0.83972,            0.011062,            0.003805,          0.00016551,            0.002179,            0.002179,            0.002179
                 239,            0.013723,           0.0041441,          0.00019933,             0.96865,                   1,             0.99414,             0.83242,            0.011303,           0.0038417,          0.00015666,            0.002146,            0.002146,            0.002146
                 240,            0.013302,           0.0040933,          0.00022118,              0.9691,                   1,             0.99414,             0.84376,            0.010786,           0.0037767,          0.00015891,            0.002113,            0.002113,            0.002113
                 241,              0.0135,           0.0038012,          0.00026145,             0.96951,                   1,             0.99414,             0.85885,            0.010202,           0.0037005,          0.00016582,             0.00208,             0.00208,             0.00208
                 242,            0.013664,           0.0039185,           0.0002109,             0.98276,             0.99983,               0.995,              0.8402,            0.010662,           0.0037237,          0.00016836,            0.002047,            0.002047,            0.002047
                 243,            0.013656,           0.0041833,          0.00019617,             0.96917,                   1,             0.99456,             0.84387,            0.010986,           0.0037552,          0.00017087,            0.002014,            0.002014,            0.002014
                 244,            0.013728,           0.0042994,          0.00021919,             0.96902,                   1,             0.99414,             0.84774,            0.010788,           0.0037753,          0.00017345,            0.001981,            0.001981,            0.001981
                 245,            0.013728,           0.0039992,          0.00024801,             0.97081,                   1,               0.995,             0.85921,            0.010436,           0.0037336,          0.00018009,            0.001948,            0.001948,            0.001948
                 246,            0.013763,           0.0041057,          0.00024426,             0.96989,                   1,             0.99456,             0.83898,            0.011153,           0.0037714,          0.00017416,            0.001915,            0.001915,            0.001915
                 247,            0.013616,           0.0040497,          0.00022034,             0.97005,                   1,             0.99456,             0.84312,            0.011221,           0.0037465,           0.0001633,            0.001882,            0.001882,            0.001882
                 248,            0.013554,           0.0040976,            0.000201,             0.97074,                   1,               0.995,             0.84095,            0.010907,           0.0037287,          0.00015696,            0.001849,            0.001849,            0.001849
                 249,            0.013359,           0.0042868,          0.00020221,             0.97111,                   1,               0.995,             0.83739,             0.01056,            0.003648,          0.00015665,            0.001816,            0.001816,            0.001816
                 250,            0.012847,           0.0039959,            0.000205,             0.96943,                   1,               0.995,             0.84293,            0.010656,           0.0036322,          0.00015759,            0.001783,            0.001783,            0.001783
                 251,             0.01322,           0.0039106,          0.00023534,             0.96902,                   1,             0.99412,             0.85323,            0.010583,           0.0036588,          0.00015743,             0.00175,             0.00175,             0.00175
                 252,            0.013114,            0.004047,          0.00021317,             0.96891,                   1,             0.99235,             0.84681,            0.010054,           0.0036369,           0.0001586,            0.001717,            0.001717,            0.001717
                 253,            0.012876,           0.0038494,          0.00019776,             0.96908,                   1,             0.99368,             0.84588,            0.010189,           0.0036612,          0.00015911,            0.001684,            0.001684,            0.001684
                 254,            0.013123,           0.0040248,          0.00019793,             0.96932,                   1,             0.99412,             0.85162,            0.010217,           0.0036331,           0.0001519,            0.001651,            0.001651,            0.001651
                 255,            0.012595,           0.0037571,          0.00018451,             0.96936,                   1,             0.99412,             0.84899,            0.010277,            0.003614,          0.00014009,            0.001618,            0.001618,            0.001618
                 256,            0.012408,           0.0039349,          0.00017752,             0.96924,                   1,             0.99412,             0.83994,            0.010531,           0.0035922,          0.00013645,            0.001585,            0.001585,            0.001585
                 257,            0.012313,           0.0039152,          0.00017594,             0.96912,                   1,             0.99412,             0.83919,            0.010529,             0.00358,          0.00013863,            0.001552,            0.001552,            0.001552
                 258,            0.013349,           0.0038453,          0.00017338,             0.96926,                   1,             0.99368,             0.84457,             0.01038,           0.0036065,          0.00013921,            0.001519,            0.001519,            0.001519
                 259,            0.012817,           0.0040758,          0.00020759,              0.9695,                   1,             0.99412,              0.8485,            0.010518,           0.0036432,          0.00013217,            0.001486,            0.001486,            0.001486
                 260,             0.01237,           0.0039986,           0.0001877,             0.97112,                   1,             0.99456,             0.84931,            0.010609,           0.0036694,          0.00012119,            0.001453,            0.001453,            0.001453
                 261,            0.012745,           0.0038986,          0.00026382,             0.97388,                   1,             0.99456,             0.84282,            0.010654,            0.003645,          0.00011911,             0.00142,             0.00142,             0.00142
                 262,            0.012545,           0.0039642,           0.0001733,             0.97661,                   1,               0.995,             0.84591,            0.010376,            0.003635,          0.00012089,            0.001387,            0.001387,            0.001387
                 263,            0.012243,           0.0039565,           0.0001589,             0.97316,                   1,               0.995,             0.83751,            0.010689,           0.0036532,          0.00012089,            0.001354,            0.001354,            0.001354
                 264,            0.012102,           0.0040288,          0.00016389,             0.96981,                   1,               0.995,             0.84646,             0.01096,           0.0036456,           0.0001189,            0.001321,            0.001321,            0.001321
                 265,            0.011458,           0.0039605,          0.00016569,             0.96998,                   1,             0.99456,             0.84685,            0.010853,           0.0036097,          0.00011767,            0.001288,            0.001288,            0.001288
                 266,            0.011447,           0.0036414,          0.00015518,               0.971,                   1,             0.99456,              0.8515,            0.010414,           0.0035858,          0.00011755,            0.001255,            0.001255,            0.001255
                 267,            0.012348,           0.0040168,          0.00018857,             0.97031,                   1,             0.99456,             0.84634,            0.010348,           0.0036091,          0.00011441,            0.001222,            0.001222,            0.001222
                 268,            0.012145,           0.0037273,          0.00013983,             0.97034,                   1,             0.99456,             0.84615,            0.010452,           0.0036143,          0.00010785,            0.001189,            0.001189,            0.001189
                 269,            0.011798,           0.0037582,          0.00015523,             0.97948,                   1,             0.99456,              0.8493,            0.010173,           0.0035588,          0.00010383,            0.001156,            0.001156,            0.001156
                 270,            0.012199,           0.0038049,          0.00020895,             0.98086,                   1,             0.99456,             0.84889,            0.010359,           0.0035851,          0.00010275,            0.001123,            0.001123,            0.001123
                 271,             0.01235,           0.0037397,          0.00015685,             0.98337,             0.99953,             0.99456,             0.85236,            0.010125,           0.0036134,           0.0001031,             0.00109,             0.00109,             0.00109
                 272,            0.011587,           0.0037061,          0.00013755,              0.9828,                   1,             0.99456,             0.85047,            0.010569,           0.0037088,          0.00010329,            0.001057,            0.001057,            0.001057
                 273,            0.011482,           0.0035607,          0.00012792,             0.98185,                   1,             0.99456,             0.85447,            0.010466,           0.0037119,          0.00010195,            0.001024,            0.001024,            0.001024
                 274,            0.012272,           0.0039772,           0.0001759,             0.98083,                   1,             0.99456,             0.84493,            0.010505,           0.0036688,          0.00010055,            0.000991,            0.000991,            0.000991
                 275,            0.011696,           0.0035499,          0.00013515,             0.97955,                   1,             0.99456,             0.85069,            0.010493,           0.0036237,          9.9844e-05,            0.000958,            0.000958,            0.000958
                 276,            0.011577,           0.0037823,          0.00013806,             0.98102,                   1,             0.99456,             0.84595,            0.010583,           0.0036249,           9.672e-05,            0.000925,            0.000925,            0.000925
                 277,            0.011951,           0.0036456,          0.00018268,             0.98237,                   1,             0.99456,             0.84275,            0.010607,           0.0036422,          9.3114e-05,            0.000892,            0.000892,            0.000892
                 278,            0.012027,           0.0037796,          0.00014005,             0.98257,                   1,             0.99456,             0.84305,            0.010699,           0.0036761,          8.8859e-05,            0.000859,            0.000859,            0.000859
                 279,            0.011461,           0.0037658,          0.00013278,             0.98252,                   1,             0.99456,             0.84713,            0.010675,           0.0036518,          8.8775e-05,            0.000826,            0.000826,            0.000826
                 280,             0.01201,            0.003475,          0.00013127,             0.98329,                   1,             0.99456,             0.85847,            0.010586,           0.0036231,          8.9294e-05,            0.000793,            0.000793,            0.000793
                 281,            0.011524,            0.003719,          0.00014004,             0.98252,                   1,             0.99456,             0.85348,            0.010489,           0.0036155,          8.8179e-05,             0.00076,             0.00076,             0.00076
                 282,             0.01121,           0.0036227,          0.00012499,             0.98387,             0.99708,             0.99412,             0.85192,            0.010665,           0.0036322,          8.7929e-05,            0.000727,            0.000727,            0.000727
                 283,            0.011278,           0.0039053,          0.00013918,             0.96644,                   1,             0.99369,             0.85641,            0.010661,           0.0036351,          8.5878e-05,            0.000694,            0.000694,            0.000694
                 284,            0.011257,           0.0037625,          0.00013583,             0.96629,                   1,             0.99369,             0.85799,             0.01063,           0.0036357,          8.5765e-05,            0.000661,            0.000661,            0.000661
                 285,            0.010917,           0.0036178,          0.00017167,             0.96667,                   1,             0.99369,             0.85078,            0.010524,           0.0036307,          8.4621e-05,            0.000628,            0.000628,            0.000628
                 286,            0.011135,           0.0035371,          0.00011895,             0.96717,                   1,             0.99369,             0.85405,            0.010375,           0.0036276,          8.4287e-05,            0.000595,            0.000595,            0.000595
                 287,            0.011292,           0.0036953,           0.0001276,             0.96751,                   1,             0.99369,             0.84665,            0.010392,            0.003626,          8.2028e-05,            0.000562,            0.000562,            0.000562
                 288,            0.011528,           0.0036804,          0.00016138,             0.96753,                   1,             0.99369,             0.85362,            0.010425,           0.0036211,           8.049e-05,            0.000529,            0.000529,            0.000529
                 289,            0.011164,           0.0037359,          0.00014508,              0.9839,             0.99623,             0.99412,             0.85629,            0.010371,           0.0035931,          7.9685e-05,            0.000496,            0.000496,            0.000496
                 290,            0.011098,           0.0035281,          0.00018428,             0.98388,             0.99488,             0.99456,             0.85701,            0.010394,           0.0035788,          7.9238e-05,            0.000463,            0.000463,            0.000463
                 291,            0.010479,           0.0035538,           0.0001207,             0.98354,               0.997,             0.99412,             0.84699,            0.010576,           0.0036182,          7.8946e-05,             0.00043,             0.00043,             0.00043
                 292,            0.010584,           0.0035313,          0.00011693,             0.98332,             0.99708,             0.99412,             0.84809,            0.010194,           0.0035764,          7.8928e-05,            0.000397,            0.000397,            0.000397
                 293,            0.010889,            0.003797,           0.0001499,             0.98333,              0.9959,             0.99412,             0.84738,            0.010226,           0.0035886,          7.6908e-05,            0.000364,            0.000364,            0.000364
                 294,            0.010896,           0.0037372,          0.00016866,             0.98351,             0.99619,             0.99456,             0.84856,            0.010454,           0.0036094,          7.5901e-05,            0.000331,            0.000331,            0.000331
                 295,            0.010791,           0.0036068,          0.00012643,             0.98363,             0.99584,             0.99456,             0.85576,            0.010343,            0.003607,          7.4553e-05,            0.000298,            0.000298,            0.000298
                 296,             0.01072,           0.0037617,          0.00017279,             0.98364,             0.99611,             0.99456,             0.85576,            0.010374,           0.0036289,          7.3153e-05,            0.000265,            0.000265,            0.000265
                 297,            0.011169,           0.0036155,          0.00013145,             0.98384,             0.99644,             0.99456,             0.84943,            0.010386,           0.0036304,          7.2759e-05,            0.000232,            0.000232,            0.000232
                 298,            0.010539,           0.0036741,          0.00025161,             0.98395,             0.99725,             0.99456,             0.85505,             0.01042,            0.003612,          7.2557e-05,            0.000199,            0.000199,            0.000199
                 299,            0.010732,           0.0037119,          0.00012525,             0.98388,             0.99651,             0.99456,             0.85865,            0.010278,           0.0035852,           7.233e-05,            0.000166,            0.000166,            0.000166
